{"app_version":63,"keymap_db_version":13,"fingerprint_map_list":[{"action_list":[],"constraints":[],"constraint_mode":1,"extras":[],"flags":0,"id":0,"enabled":true},{"action_list":[],"constraints":[],"constraint_mode":1,"extras":[],"flags":0,"id":1,"enabled":true},{"action_list":[],"constraints":[],"constraint_mode":1,"extras":[],"flags":0,"id":2,"enabled":true},{"action_list":[],"constraints":[],"constraint_mode":1,"extras":[],"flags":0,"id":3,"enabled":true}],"keymap_list":[{"actionList":[{"data":"net.nhiroki.bluelineconsole","extras":[],"flags":0,"type":"APP","uid":"290d4a52-c8a7-4b20-85d4-fb7039340de8"}],"constraintList":[],"constraintMode":1,"flags":0,"id":1,"isEnabled":true,"trigger":{"extras":[],"flags":0,"keys":[{"clickType":0,"deviceId":"779db45274699c6afe39ba747ed325d0cca1fff7","deviceName":"Bluetooth 3.0 Keyboard","flags":1,"keyCode":113,"uid":"b83656c2-4557-4b33-a1f4-b3fe338f8d9e"},{"clickType":0,"deviceId":"779db45274699c6afe39ba747ed325d0cca1fff7","deviceName":"Bluetooth 3.0 Keyboard","flags":0,"keyCode":74,"uid":"afda78fe-a374-46f3-ac30-2f9d9af1dbaf"}],"mode":0},"uid":"60eefe78-8ad8-471a-bd53-8763b6d790f2"},{"actionList":[{"data":"2295,1372,2293,609,1,500","extras":[],"flags":0,"type":"SWIPE_COORDINATE","uid":"aa425757-2ad1-4ebd-bfb4-535a15475c83"}],"constraintList":[{"extras":[{"data":"com.saggitt.omega","id":"extra_package_name"}],"type":"constraint_app_foreground"}],"constraintMode":1,"flags":0,"id":2,"isEnabled":true,"trigger":{"extras":[],"flags":0,"keys":[{"clickType":0,"deviceId":"779db45274699c6afe39ba747ed325d0cca1fff7","deviceName":"Bluetooth 3.0 Keyboard","flags":1,"keyCode":113,"uid":"faea02b6-d84a-4506-8acc-ca9fd93a4d3f"},{"clickType":0,"deviceId":"779db45274699c6afe39ba747ed325d0cca1fff7","deviceName":"Bluetooth 3.0 Keyboard","flags":0,"keyCode":66,"uid":"e00f8ab2-d2d2-4303-a07f-13efa7307075"}],"mode":0},"uid":"1b300a85-039f-4485-91bc-80ebe91494a6"},{"actionList":[{"data":"go_back","extras":[],"flags":0,"type":"SYSTEM_ACTION","uid":"beb83c9f-f813-4d16-8858-ef55a221e632"}],"constraintList":[],"constraintMode":1,"flags":0,"id":3,"isEnabled":true,"trigger":{"extras":[],"flags":0,"keys":[{"clickType":0,"deviceId":"779db45274699c6afe39ba747ed325d0cca1fff7","deviceName":"Bluetooth 3.0 Keyboard","flags":1,"keyCode":113,"uid":"9a212cfb-905b-4dfc-854f-0432c6b4ac55"},{"clickType":0,"deviceId":"779db45274699c6afe39ba747ed325d0cca1fff7","deviceName":"Bluetooth 3.0 Keyboard","flags":0,"keyCode":71,"uid":"0a0090aa-c992-4a6d-93a6-74afcd9077e6"}],"mode":0},"uid":"6663c280-5aa0-447a-ba93-0a28feacbf53"},{"actionList":[{"data":"go_home","extras":[],"flags":0,"type":"SYSTEM_ACTION","uid":"774c56f2-ca35-49f3-b397-bf41fb27f7be"}],"constraintList":[],"constraintMode":1,"flags":0,"id":4,"isEnabled":true,"trigger":{"extras":[],"flags":0,"keys":[{"clickType":0,"deviceId":"779db45274699c6afe39ba747ed325d0cca1fff7","deviceName":"Bluetooth 3.0 Keyboard","flags":1,"keyCode":113,"uid":"5cb00d5f-ec0e-452f-a1d0-1793683c9c06"},{"clickType":0,"deviceId":"779db45274699c6afe39ba747ed325d0cca1fff7","deviceName":"Bluetooth 3.0 Keyboard","flags":0,"keyCode":66,"uid":"6e5f8889-9fc4-43b4-a616-feff9899344e"}],"mode":0},"uid":"e835353a-c87d-4ee9-9e49-68022533e7fd"},{"actionList":[{"data":"go_last_app","extras":[],"flags":0,"type":"SYSTEM_ACTION","uid":"197bd0e2-1f3d-40e8-9a18-c6b1ac863f03"}],"constraintList":[],"constraintMode":1,"flags":0,"id":5,"isEnabled":true,"trigger":{"extras":[],"flags":0,"keys":[{"clickType":0,"deviceId":"779db45274699c6afe39ba747ed325d0cca1fff7","deviceName":"Bluetooth 3.0 Keyboard","flags":1,"keyCode":113,"uid":"e50ede85-49c2-4bc0-82f4-fce9bbe2ba3c"},{"clickType":0,"deviceId":"779db45274699c6afe39ba747ed325d0cca1fff7","deviceName":"Bluetooth 3.0 Keyboard","flags":0,"keyCode":75,"uid":"c546c982-4ec5-4089-8652-c825aa8281cc"}],"mode":0},"uid":"89e7846e-0504-44aa-a931-05316f5ff280"},{"actionList":[{"data":"open_recents","extras":[],"flags":0,"type":"SYSTEM_ACTION","uid":"14cae335-9058-49c8-9a8a-0178e5f7424d"},{"data":"dismiss_all_notifications","extras":[{"data":"1000","id":"extra_delay_before_next_action"}],"flags":0,"type":"SYSTEM_ACTION","uid":"a60e01a2-10e9-47b0-8d1d-3b8bb72df48c"},{"data":"1296,1246","extras":[{"data":"2","id":"extra_multiplier"}],"flags":0,"type":"TAP_COORDINATE","uid":"fd9bb782-2383-4d33-9cf0-0b9fdd0e7497"}],"constraintList":[],"constraintMode":1,"flags":0,"id":6,"isEnabled":true,"trigger":{"extras":[],"flags":0,"keys":[{"clickType":0,"deviceId":"779db45274699c6afe39ba747ed325d0cca1fff7","deviceName":"Bluetooth 3.0 Keyboard","flags":1,"keyCode":113,"uid":"59fd694f-1fcf-42e4-bb8a-9e64592414b5"},{"clickType":0,"deviceId":"779db45274699c6afe39ba747ed325d0cca1fff7","deviceName":"Bluetooth 3.0 Keyboard","flags":0,"keyCode":67,"uid":"22e4caca-bcd1-4e76-81cd-e7dd8ba19dab"}],"mode":0},"uid":"5fdf322c-f348-48f2-8f5d-a097f2e1aa43"},{"actionList":[{"data":"expand_notification_drawer","extras":[],"flags":0,"type":"SYSTEM_ACTION","uid":"20051e33-e993-40cd-9ce2-dff2ad8e8f4a"}],"constraintList":[],"constraintMode":1,"flags":0,"id":7,"isEnabled":true,"trigger":{"extras":[],"flags":0,"keys":[{"clickType":0,"deviceId":"779db45274699c6afe39ba747ed325d0cca1fff7","deviceName":"Bluetooth 3.0 Keyboard","flags":1,"keyCode":113,"uid":"a4f4ab26-6516-454f-b7da-71eee98eb1bf"},{"clickType":0,"deviceId":"779db45274699c6afe39ba747ed325d0cca1fff7","deviceName":"Bluetooth 3.0 Keyboard","flags":0,"keyCode":35,"uid":"5c290a63-25f9-4d17-b425-2343ad5ccc6e"}],"mode":0},"uid":"84c3e95f-1a5b-42ed-90c7-d954edc5f7e3"},{"actionList":[{"data":"org.chromium.chrome.stable","extras":[],"flags":0,"type":"APP","uid":"f50ab5ab-f13d-4b19-8f39-8cfc87bfd64c"},{"data":"2508,124","extras":[{"data":"500","id":"extra_delay_before_next_action"},{"data":"200","id":"extra_repeat_delay"},{"data":"1","id":"extra_repeat_limit"},{"data":"1","id":"extra_custom_stop_repeat_behaviour"}],"flags":4,"type":"TAP_COORDINATE","uid":"18aaa937-4c78-4359-aef6-999c9a8c6467"},{"data":"2506,1380,2445,285,1,200","extras":[{"data":"220","id":"extra_delay_before_next_action"}],"flags":0,"type":"SWIPE_COORDINATE","uid":"9900b0ca-1db7-42d3-84df-38dbc9708f04"},{"data":"com.termux","extras":[],"flags":0,"type":"APP","uid":"b70a5904-0ba9-4418-95f4-c7ead469cd75"}],"constraintList":[{"extras":[{"data":"com.termux","id":"extra_package_name"}],"type":"constraint_app_foreground"}],"constraintMode":1,"flags":0,"id":8,"isEnabled":true,"trigger":{"extras":[],"flags":8,"keys":[{"clickType":0,"deviceId":"779db45274699c6afe39ba747ed325d0cca1fff7","deviceName":"Bluetooth 3.0 Keyboard","flags":1,"keyCode":113,"uid":"e359251c-dbb1-49c4-b0dd-17368197457f"},{"clickType":0,"deviceId":"779db45274699c6afe39ba747ed325d0cca1fff7","deviceName":"Bluetooth 3.0 Keyboard","flags":0,"keyCode":47,"uid":"d40a20f6-c9ef-4217-b943-498ce881d506"}],"mode":0},"uid":"0c8d6b06-f3a3-4fa5-b5a4-3f10cca7f08a"},{"actionList":[{"data":"á","extras":[],"flags":0,"type":"TEXT_BLOCK","uid":"b056e3f6-b0c6-493c-8651-f3af75542640"}],"constraintList":[],"constraintMode":1,"flags":0,"id":9,"isEnabled":true,"trigger":{"extras":[],"flags":0,"keys":[{"clickType":0,"deviceId":"779db45274699c6afe39ba747ed325d0cca1fff7","deviceName":"Bluetooth 3.0 Keyboard","flags":1,"keyCode":57,"uid":"85a83ee8-7aa4-426a-8458-8316db1c720c"},{"clickType":0,"deviceId":"779db45274699c6afe39ba747ed325d0cca1fff7","deviceName":"Bluetooth 3.0 Keyboard","flags":0,"keyCode":29,"uid":"cfd33b86-66d3-4cd4-bbdc-48d74673ee72"}],"mode":0},"uid":"a7d10249-6a0d-4e97-ae95-aa09efb61996"},{"actionList":[{"data":"é","extras":[],"flags":0,"type":"TEXT_BLOCK","uid":"51125e71-df6d-4239-85c8-c5207110fa53"}],"constraintList":[],"constraintMode":1,"flags":0,"id":10,"isEnabled":true,"trigger":{"extras":[],"flags":0,"keys":[{"clickType":0,"deviceId":"779db45274699c6afe39ba747ed325d0cca1fff7","deviceName":"Bluetooth 3.0 Keyboard","flags":1,"keyCode":57,"uid":"80127733-67f8-44aa-8598-587ec3bd4212"},{"clickType":0,"deviceId":"779db45274699c6afe39ba747ed325d0cca1fff7","deviceName":"Bluetooth 3.0 Keyboard","flags":0,"keyCode":33,"uid":"901b5c11-f530-4c71-b21e-92077948ba4e"}],"mode":0},"uid":"26f82241-c042-4ba6-acc5-6f323291e061"},{"actionList":[{"data":"í","extras":[],"flags":0,"type":"TEXT_BLOCK","uid":"46cf5672-8e19-4b8e-8ca3-7c21d73c25f8"}],"constraintList":[],"constraintMode":1,"flags":0,"id":11,"isEnabled":true,"trigger":{"extras":[],"flags":0,"keys":[{"clickType":0,"deviceId":"779db45274699c6afe39ba747ed325d0cca1fff7","deviceName":"Bluetooth 3.0 Keyboard","flags":1,"keyCode":57,"uid":"777449b8-3e18-4398-8b43-abfad4716165"},{"clickType":0,"deviceId":"779db45274699c6afe39ba747ed325d0cca1fff7","deviceName":"Bluetooth 3.0 Keyboard","flags":0,"keyCode":37,"uid":"db3a0585-4fda-46a4-98e7-779b58ca2222"}],"mode":0},"uid":"d8dff04c-fd14-4d75-a3a9-463410a2eca4"},{"actionList":[{"data":"ó","extras":[],"flags":0,"type":"TEXT_BLOCK","uid":"1a8aeb12-ca35-45fa-84ef-4606861a9fdf"}],"constraintList":[],"constraintMode":1,"flags":0,"id":12,"isEnabled":true,"trigger":{"extras":[],"flags":0,"keys":[{"clickType":0,"deviceId":"779db45274699c6afe39ba747ed325d0cca1fff7","deviceName":"Bluetooth 3.0 Keyboard","flags":1,"keyCode":57,"uid":"9575a924-030a-461f-84dc-dffc80ec4e18"},{"clickType":0,"deviceId":"779db45274699c6afe39ba747ed325d0cca1fff7","deviceName":"Bluetooth 3.0 Keyboard","flags":0,"keyCode":43,"uid":"889548c7-f814-4c87-936c-6f0b328a53e6"}],"mode":0},"uid":"cb1faf06-c735-4739-bac4-b864f534c127"},{"actionList":[{"data":"ú","extras":[],"flags":0,"type":"TEXT_BLOCK","uid":"5d88dfe7-1c0b-495d-bb16-9c7a62013d71"}],"constraintList":[],"constraintMode":1,"flags":0,"id":13,"isEnabled":true,"trigger":{"extras":[],"flags":0,"keys":[{"clickType":0,"deviceId":"779db45274699c6afe39ba747ed325d0cca1fff7","deviceName":"Bluetooth 3.0 Keyboard","flags":1,"keyCode":57,"uid":"936dad8d-e5e7-44b6-aaad-9ab74c0202e0"},{"clickType":0,"deviceId":"779db45274699c6afe39ba747ed325d0cca1fff7","deviceName":"Bluetooth 3.0 Keyboard","flags":0,"keyCode":49,"uid":"658292b4-50d9-475b-8b35-09e0e13477d3"}],"mode":0},"uid":"aae07652-4456-4168-bafc-1b0fd5eb498a"},{"actionList":[{"data":"ñ","extras":[],"flags":0,"type":"TEXT_BLOCK","uid":"9cb8fb0e-9d53-4a25-999c-67a77d286200"}],"constraintList":[],"constraintMode":1,"flags":0,"id":14,"isEnabled":true,"trigger":{"extras":[],"flags":0,"keys":[{"clickType":0,"deviceId":"779db45274699c6afe39ba747ed325d0cca1fff7","deviceName":"Bluetooth 3.0 Keyboard","flags":1,"keyCode":57,"uid":"cbe58698-8619-467f-b9d1-ca47706a7b1f"},{"clickType":0,"deviceId":"779db45274699c6afe39ba747ed325d0cca1fff7","deviceName":"Bluetooth 3.0 Keyboard","flags":0,"keyCode":74,"uid":"bba623e3-afcf-4fed-a0cc-5ad5e0a6e9a8"}],"mode":0},"uid":"9c1b0946-a23a-4115-a54e-ae76d65779db"},{"actionList":[{"data":"111","extras":[],"flags":4,"type":"KEY_EVENT","uid":"e8c1c11a-4424-4af4-8118-965dbcfd4514"}],"constraintList":[],"constraintMode":1,"flags":0,"id":15,"isEnabled":true,"trigger":{"extras":[],"flags":0,"keys":[{"clickType":0,"deviceId":"779db45274699c6afe39ba747ed325d0cca1fff7","deviceName":"Bluetooth 3.0 Keyboard","flags":0,"keyCode":3,"uid":"97b451f8-b2e0-4c21-8791-50719611ab6d"}],"mode":2},"uid":"f0778a26-b203-40d1-b2b6-514bc8447a02"},{"actionList":[{"data":"1281,76","extras":[{"data":"500","id":"extra_delay_before_next_action"}],"flags":0,"type":"TAP_COORDINATE","uid":"b1235c88-8169-45a0-91dd-d5b598b8ba79"},{"data":"1184,93","extras":[],"flags":0,"type":"TAP_COORDINATE","uid":"819a0606-4a5e-43b8-b137-d7e7bf75c3f5"}],"constraintList":[],"constraintMode":1,"flags":0,"id":17,"isEnabled":true,"trigger":{"extras":[],"flags":0,"keys":[{"clickType":0,"deviceId":"779db45274699c6afe39ba747ed325d0cca1fff7","deviceName":"Bluetooth 3.0 Keyboard","flags":1,"keyCode":113,"uid":"dc901caf-ce4d-465f-9ef6-51e775036173"},{"clickType":0,"deviceId":"779db45274699c6afe39ba747ed325d0cca1fff7","deviceName":"Bluetooth 3.0 Keyboard","flags":0,"keyCode":76,"uid":"f086325a-c079-4a08-9d0b-3df783751b4b"}],"mode":0},"uid":"bc95e7aa-a564-4515-a884-47601042c6ca"},{"actionList":[{"data":"com.termux","extras":[],"flags":0,"type":"APP","uid":"32760ca8-35a5-44d9-ba00-17b9ae57f932"}],"constraintList":[],"constraintMode":1,"flags":0,"id":18,"isEnabled":true,"trigger":{"extras":[],"flags":0,"keys":[{"clickType":0,"deviceId":"779db45274699c6afe39ba747ed325d0cca1fff7","deviceName":"Bluetooth 3.0 Keyboard","flags":1,"keyCode":117,"uid":"fdd2be7d-016a-42f0-98fc-d2c1b54397e7"},{"clickType":0,"deviceId":"779db45274699c6afe39ba747ed325d0cca1fff7","deviceName":"Bluetooth 3.0 Keyboard","flags":0,"keyCode":8,"uid":"a32878b6-dbd1-4460-8464-300c0c615279"}],"mode":0},"uid":"d2fd9f82-8181-4bcc-91e3-6f2e56f1e74d"},{"actionList":[{"data":"org.chromium.chrome.stable","extras":[],"flags":0,"type":"APP","uid":"b64e1a2c-530f-481a-8f3c-1fd6dcf29a29"}],"constraintList":[],"constraintMode":1,"flags":0,"id":19,"isEnabled":true,"trigger":{"extras":[],"flags":0,"keys":[{"clickType":0,"deviceId":"779db45274699c6afe39ba747ed325d0cca1fff7","deviceName":"Bluetooth 3.0 Keyboard","flags":1,"keyCode":117,"uid":"392f3f89-83fb-463d-ba68-e424a904c0a6"},{"clickType":0,"deviceId":"779db45274699c6afe39ba747ed325d0cca1fff7","deviceName":"Bluetooth 3.0 Keyboard","flags":0,"keyCode":9,"uid":"28349fde-dd46-4ea5-8252-a95c44a7e285"}],"mode":0},"uid":"d5085584-c832-4d56-8ad9-0eaeefab2809"},{"actionList":[{"data":"text_paste","extras":[],"flags":0,"type":"SYSTEM_ACTION","uid":"e6d1225a-fad4-4d63-8d7f-b9eefdb6d554"}],"constraintList":[],"constraintMode":1,"flags":0,"id":20,"isEnabled":true,"trigger":{"extras":[],"flags":0,"keys":[{"clickType":0,"deviceId":"779db45274699c6afe39ba747ed325d0cca1fff7","deviceName":"Bluetooth 3.0 Keyboard","flags":1,"keyCode":113,"uid":"442b0cef-a95f-4436-938a-d5cffb781889"},{"clickType":0,"deviceId":"779db45274699c6afe39ba747ed325d0cca1fff7","deviceName":"Bluetooth 3.0 Keyboard","flags":1,"keyCode":57,"uid":"6c9cc141-87dd-4158-ab34-7a8908fdd63d"},{"clickType":0,"deviceId":"779db45274699c6afe39ba747ed325d0cca1fff7","deviceName":"Bluetooth 3.0 Keyboard","flags":0,"keyCode":50,"uid":"74d191de-3c77-49d4-b12d-3cbef81aa4d7"}],"mode":0},"uid":"815e7a62-acf6-4978-a42b-9a2136d75d27"},{"actionList":[{"data":"text_copy","extras":[],"flags":0,"type":"SYSTEM_ACTION","uid":"dd69cd17-dabe-4bb2-b349-ec8ae316bedf"}],"constraintList":[],"constraintMode":1,"flags":0,"id":21,"isEnabled":true,"trigger":{"extras":[],"flags":0,"keys":[{"clickType":0,"deviceId":"779db45274699c6afe39ba747ed325d0cca1fff7","deviceName":"Bluetooth 3.0 Keyboard","flags":1,"keyCode":113,"uid":"acaea251-596b-45aa-8cf2-cdfe96abffcc"},{"clickType":0,"deviceId":"779db45274699c6afe39ba747ed325d0cca1fff7","deviceName":"Bluetooth 3.0 Keyboard","flags":1,"keyCode":57,"uid":"8012b843-e71a-48d3-a5f5-7fa4dd9ea3d0"},{"clickType":0,"deviceId":"779db45274699c6afe39ba747ed325d0cca1fff7","deviceName":"Bluetooth 3.0 Keyboard","flags":0,"keyCode":31,"uid":"24fd6527-aedd-4505-97a4-e96d755b11f4"}],"mode":0},"uid":"c4ab26aa-bfa5-4f74-ba25-a4d25556fa91"}]}