{"app_version":63,"keymap_db_version":13,"fingerprint_map_list":[{"action_list":[],"constraints":[],"constraint_mode":1,"extras":[],"flags":0,"id":0,"enabled":true},{"action_list":[],"constraints":[],"constraint_mode":1,"extras":[],"flags":0,"id":1,"enabled":true},{"action_list":[],"constraints":[],"constraint_mode":1,"extras":[],"flags":0,"id":2,"enabled":true},{"action_list":[],"constraints":[],"constraint_mode":1,"extras":[],"flags":0,"id":3,"enabled":true}],"keymap_list":[{"actionList":[{"data":"net.nhiroki.bluelineconsole","extras":[],"flags":0,"type":"APP","uid":"290d4a52-c8a7-4b20-85d4-fb7039340de8"}],"constraintList":[],"constraintMode":1,"flags":0,"id":1,"isEnabled":true,"trigger":{"extras":[],"flags":0,"keys":[{"clickType":0,"deviceId":"779db45274699c6afe39ba747ed325d0cca1fff7","deviceName":"Bluetooth 3.0 Keyboard","flags":1,"keyCode":113,"uid":"b83656c2-4557-4b33-a1f4-b3fe338f8d9e"},{"clickType":0,"deviceId":"779db45274699c6afe39ba747ed325d0cca1fff7","deviceName":"Bluetooth 3.0 Keyboard","flags":0,"keyCode":74,"uid":"afda78fe-a374-46f3-ac30-2f9d9af1dbaf"}],"mode":0},"uid":"60eefe78-8ad8-471a-bd53-8763b6d790f2"},{"actionList":[{"data":"com.termux","extras":[],"flags":0,"type":"APP","uid":"c62e2e10-97f9-4bf2-9037-6beb07b467b6"}],"constraintList":[],"constraintMode":1,"flags":0,"id":2,"isEnabled":true,"trigger":{"extras":[],"flags":0,"keys":[{"clickType":0,"deviceId":"779db45274699c6afe39ba747ed325d0cca1fff7","deviceName":"Bluetooth 3.0 Keyboard","flags":1,"keyCode":113,"uid":"d3c173da-ed09-4a16-8ccb-47eaecebdac9"},{"clickType":0,"deviceId":"779db45274699c6afe39ba747ed325d0cca1fff7","deviceName":"Bluetooth 3.0 Keyboard","flags":0,"keyCode":66,"uid":"e62557c4-a263-4d16-bb33-88fb2ed2ebab"}],"mode":0},"uid":"1b300a85-039f-4485-91bc-80ebe91494a6"},{"actionList":[{"data":"go_back","extras":[],"flags":0,"type":"SYSTEM_ACTION","uid":"beb83c9f-f813-4d16-8858-ef55a221e632"}],"constraintList":[],"constraintMode":1,"flags":0,"id":3,"isEnabled":true,"trigger":{"extras":[],"flags":0,"keys":[{"clickType":0,"deviceId":"779db45274699c6afe39ba747ed325d0cca1fff7","deviceName":"Bluetooth 3.0 Keyboard","flags":1,"keyCode":113,"uid":"9a212cfb-905b-4dfc-854f-0432c6b4ac55"},{"clickType":0,"deviceId":"779db45274699c6afe39ba747ed325d0cca1fff7","deviceName":"Bluetooth 3.0 Keyboard","flags":0,"keyCode":71,"uid":"0a0090aa-c992-4a6d-93a6-74afcd9077e6"}],"mode":0},"uid":"6663c280-5aa0-447a-ba93-0a28feacbf53"},{"actionList":[{"data":"go_home","extras":[],"flags":0,"type":"SYSTEM_ACTION","uid":"774c56f2-ca35-49f3-b397-bf41fb27f7be"}],"constraintList":[],"constraintMode":1,"flags":0,"id":4,"isEnabled":true,"trigger":{"extras":[],"flags":0,"keys":[{"clickType":0,"deviceId":"779db45274699c6afe39ba747ed325d0cca1fff7","deviceName":"Bluetooth 3.0 Keyboard","flags":1,"keyCode":113,"uid":"52ec7416-85e1-4050-a8ac-884698236efb"},{"clickType":0,"deviceId":"779db45274699c6afe39ba747ed325d0cca1fff7","deviceName":"Bluetooth 3.0 Keyboard","flags":0,"keyCode":45,"uid":"547ed677-073b-4309-9f19-0e138e988e24"}],"mode":0},"uid":"e835353a-c87d-4ee9-9e49-68022533e7fd"},{"actionList":[{"data":"go_last_app","extras":[],"flags":0,"type":"SYSTEM_ACTION","uid":"197bd0e2-1f3d-40e8-9a18-c6b1ac863f03"}],"constraintList":[],"constraintMode":1,"flags":0,"id":5,"isEnabled":true,"trigger":{"extras":[],"flags":0,"keys":[{"clickType":0,"deviceId":"779db45274699c6afe39ba747ed325d0cca1fff7","deviceName":"Bluetooth 3.0 Keyboard","flags":1,"keyCode":113,"uid":"e50ede85-49c2-4bc0-82f4-fce9bbe2ba3c"},{"clickType":0,"deviceId":"779db45274699c6afe39ba747ed325d0cca1fff7","deviceName":"Bluetooth 3.0 Keyboard","flags":0,"keyCode":75,"uid":"c546c982-4ec5-4089-8652-c825aa8281cc"}],"mode":0},"uid":"89e7846e-0504-44aa-a931-05316f5ff280"},{"actionList":[{"data":"open_recents","extras":[],"flags":0,"type":"SYSTEM_ACTION","uid":"14cae335-9058-49c8-9a8a-0178e5f7424d"},{"data":"dismiss_all_notifications","extras":[{"data":"1000","id":"extra_delay_before_next_action"}],"flags":0,"type":"SYSTEM_ACTION","uid":"a60e01a2-10e9-47b0-8d1d-3b8bb72df48c"},{"data":"1296,1246","extras":[{"data":"2","id":"extra_multiplier"}],"flags":0,"type":"TAP_COORDINATE","uid":"fd9bb782-2383-4d33-9cf0-0b9fdd0e7497"}],"constraintList":[],"constraintMode":1,"flags":0,"id":6,"isEnabled":true,"trigger":{"extras":[],"flags":0,"keys":[{"clickType":0,"deviceId":"779db45274699c6afe39ba747ed325d0cca1fff7","deviceName":"Bluetooth 3.0 Keyboard","flags":1,"keyCode":113,"uid":"d1569083-b2e2-4855-b18b-223f3b8ee9ad"},{"clickType":0,"deviceId":"779db45274699c6afe39ba747ed325d0cca1fff7","deviceName":"Bluetooth 3.0 Keyboard","flags":0,"keyCode":69,"uid":"146e7005-ebbe-4cdf-94ef-8697813856fc"}],"mode":0},"uid":"5fdf322c-f348-48f2-8f5d-a097f2e1aa43"},{"actionList":[{"data":"expand_notification_drawer","extras":[],"flags":0,"type":"SYSTEM_ACTION","uid":"20051e33-e993-40cd-9ce2-dff2ad8e8f4a"}],"constraintList":[],"constraintMode":1,"flags":0,"id":7,"isEnabled":true,"trigger":{"extras":[],"flags":0,"keys":[{"clickType":0,"deviceId":"779db45274699c6afe39ba747ed325d0cca1fff7","deviceName":"Bluetooth 3.0 Keyboard","flags":1,"keyCode":113,"uid":"a4f4ab26-6516-454f-b7da-71eee98eb1bf"},{"clickType":0,"deviceId":"779db45274699c6afe39ba747ed325d0cca1fff7","deviceName":"Bluetooth 3.0 Keyboard","flags":0,"keyCode":35,"uid":"5c290a63-25f9-4d17-b425-2343ad5ccc6e"}],"mode":0},"uid":"84c3e95f-1a5b-42ed-90c7-d954edc5f7e3"}]}